<?xml version="1.0"?>
<!--<!DOCTYPE metadata SYSTEM "http://www.esri.com/metadata/esriprof80.dtd">-->
<metadata xml:lang="cs"><Esri><CreaDate>20081021</CreaDate><CreaTime>10110900</CreaTime><SyncOnce>TRUE</SyncOnce><DataProperties><lineage><Process Name="DefineProjection_1" ToolSource="C:\Program Files\ArcGIS\ArcToolbox\Toolboxes\Data Management Tools.tbx\DefineProjection" Date="20080613" Time="092159">DefineProjection C:\Gis_data\CR\hrcr1.shp PROJCS['S-JTSK_Krovak_East_North',GEOGCS['GCS_S_JTSK',DATUM['D_S_JTSK',SPHEROID['Bessel_1841',6377397.155,299.1528128]],PRIMEM['Greenwich',0.0],UNIT['Degree',0.0174532925199433]],PROJECTION['Krovak'],PARAMETER['False_Easting',0.0],PARAMETER['False_Northing',0.0],PARAMETER['Pseudo_Standard_Parallel_1',78.5],PARAMETER['Scale_Factor',0.9999],PARAMETER['Azimuth',30.28813975277778],PARAMETER['Longitude_Of_Center',24.83333333333333],PARAMETER['Latitude_Of_Center',49.5],PARAMETER['X_Scale',-1.0],PARAMETER['Y_Scale',1.0],PARAMETER['XY_Plane_Rotation',90.0],UNIT['Meter',1.0]] C:\Gis_data\CR\hrcr1.shp</Process><Process Name="Project_1" ToolSource="C:\Program Files\ArcGIS\ArcToolbox\Toolboxes\Data Management Tools.tbx\Project" Date="20081021" Time="101109">Project hrcr1 C:\Gis_data\CR\hrcr1_wgs.shp GEOGCS['GCS_WGS_1984',DATUM['D_WGS_1984',SPHEROID['WGS_1984',6378137.0,298.257223563]],PRIMEM['Greenwich',0.0],UNIT['Degree',0.0174532925199433]],VERTCS['Unknown VCS from ArcInfo Workstation',VDATUM['Unknown'],PARAMETER['Vertical_Shift',0.0],PARAMETER['Direction',1.0],UNIT['Meter',1.0]] S_JTSK_To_WGS_1984_1 PROJCS['S-JTSK_Krovak_East_North',GEOGCS['GCS_S_JTSK',DATUM['D_S_JTSK',SPHEROID['Bessel_1841',6377397.155,299.1528128]],PRIMEM['Greenwich',0.0],UNIT['Degree',0.0174532925199433]],PROJECTION['Krovak'],PARAMETER['False_Easting',0.0],PARAMETER['False_Northing',0.0],PARAMETER['Pseudo_Standard_Parallel_1',78.5],PARAMETER['Scale_Factor',0.9999],PARAMETER['Azimuth',30.28813975277778],PARAMETER['Longitude_Of_Center',24.83333333333333],PARAMETER['Latitude_Of_Center',49.5],PARAMETER['X_Scale',-1.0],PARAMETER['Y_Scale',1.0],PARAMETER['XY_Plane_Rotation',90.0],UNIT['Meter',1.0]]</Process></lineage></DataProperties><MetaID>{31597F43-5147-48F3-9A0D-51FDE417BC0F}</MetaID></Esri><idinfo><citation><citeinfo><onlink Sync="TRUE"></onlink></citeinfo></citation></idinfo><distInfo><distributor><distorTran><onLineSrc><linkage Sync="TRUE">file://</linkage><protocol Sync="TRUE">Local Area Network</protocol></onLineSrc></distorTran></distributor></distInfo><dataqual><lineage><procstep><procdesc Sync="TRUE">Dataset copied.</procdesc><srcused Sync="TRUE"></srcused><date Sync="TRUE">20081021</date><time Sync="TRUE">10110900</time></procstep></lineage></dataqual></metadata>
